"Birmingham, Alabama"
"Huntsville, Alabama"
"Mobile, Alabama"
"Montgomery, Alabama"
"Tuscaloosa, Alabama"
"Alaska, Alaska"
"Matanuska-Susitna Borough, Alaska"
"Arizona, Arizona"
"Buckeye, Arizona"
"Chandler, Arizona"
"Gilbert town, Arizona"
"Glendale, Arizona"
"Goodyear, Arizona"
"Mesa, Arizona"
"Peoria, Arizona"
"Phoenix, Arizona"
"Scottsdale, Arizona"
"Surprise, Arizona"
"Tempe, Arizona"
"Tucson, Arizona"
"Arkansas, Arkansas"
"Little Rock, Arkansas"
"California, California"
"Anaheim, California"
"Antioch, California"
"Bakersfield, California"
"Berkeley, California"
"Burbank, California"
"Carlsbad, California"
"Chico, California"
"Chula Vista, California"
"Clovis, California"
"Concord, California"
"Corona, California"
"Costa Mesa, California"
"Daly, California"
"Downey, California"
"El Cajon, California"
"Elk Grove, California"
"El Monte, California"
"Escondido, California"
"Fairfield, California"
"Fontana, California"
"Fremont, California"
"Fresno, California"
"Fullerton, California"
"Garden Grove, California"
"Hayward, California"
"Hesperia, California"
"Huntington Beach, California"
"Inglewood, California"
"Irvine, California"
"Jurupa Valley, California"
"Lancaster, California"
"Long Beach, California"
"Los Angeles, California"
"Menifee, California"
"Modesto, California"
"Moreno Valley, California"
"Murrieta, California"
"Norwalk, California"
"Oakland, California"
"Oceanside, California"
"Ontario, California"
"Orange, California"
"Oxnard, California"
"Palmdale, California"
"Pasadena, California"
"Pomona, California"
"Rancho Cucamonga, California"
"Rialto, California"
"Richmond, California"
"Riverside, California"
"Roseville, California"
"Sacramento, California"
"Salinas, California"
"San Bernardino, California"
"San Buenaventura (Ventura), California"
"San Diego, California"
"San Francisco, California"
"San Jose, California"
"San Mateo, California"
"Santa Ana, California"
"Santa Clara, California"
"Santa Clarita, California"
"Santa Maria, California"
"Santa Rosa, California"
"Simi Valley, California"
"Stockton, California"
"Sunnyvale, California"
"Temecula, California"
"Thousand Oaks, California"
"Torrance, California"
"Vacaville, California"
"Vallejo, California"
"Victorville, California"
"Visalia, California"
"West Covina, California"
"Colorado, Colorado"
"Arvada, Colorado"
"Aurora, Colorado"
"Boulder, Colorado"
"Centennial, Colorado"
"Colorado Springs, Colorado"
"Denver, Colorado"
"Fort Collins, Colorado"
"Greeley, Colorado"
"Lakewood, Colorado"
"Longmont, Colorado"
"Pueblo, Colorado"
"Thornton, Colorado"
"Westminster, Colorado"
"Connecticut, Connecticut"
"Bridgeport, Connecticut"
"Hartford, Connecticut"
"New Haven, Connecticut"
"Stamford, Connecticut"
"Waterbury, Connecticut"
"Bridgeport town, Connecticut"
"Stamford town, Connecticut"
"Hartford town, Connecticut"
"New Haven town, Connecticut"
"Waterbury town, Connecticut"
"Delaware, Delaware"
"District of Columbia, District of Columbia"
"Washington, District of Columbia"
"Florida, Florida"
"Cape Coral, Florida"
"Clearwater, Florida"
"Coral Springs, Florida"
"Davie town, Florida"
"Fort Lauderdale, Florida"
"Gainesville, Florida"
"Hialeah, Florida"
"Hollywood, Florida"
"Jacksonville, Florida"
"Lakeland, Florida"
"Miami, Florida"
"Miami Gardens, Florida"
"Miramar, Florida"
"Orlando, Florida"
"Palm Bay, Florida"
"Pembroke Pines, Florida"
"Pompano Beach, Florida"
"Port St. Lucie, Florida"
"St. Petersburg, Florida"
"Tallahassee, Florida"
"Tampa, Florida"
"West Palm Beach, Florida"
"Georgia, Georgia"
"Atlanta, Georgia"
"Columbus, Georgia"
"Sandy Springs, Georgia"
"Savannah, Georgia"
"South Fulton, Georgia"
"Hawaii, Hawaii"
"Urban Honolulu CDP, Hawaii"
"Idaho, Idaho"
"Boise, Idaho"
"Meridian, Idaho"
"Nampa, Idaho"
"Illinois, Illinois"
"Chicago, Illinois"
"Elgin, Illinois"
"Joliet, Illinois"
"Naperville, Illinois"
"Rockford, Illinois"
"Springfield, Illinois"
"Bremen township, Illinois"
"Lyons township, Illinois"
"Maine township, Illinois"
"Niles township, Illinois"
"Palatine township, Illinois"
"Proviso township, Illinois"
"Schaumburg township, Illinois"
"Thornton township, Illinois"
"Wheeling township, Illinois"
"Worth township, Illinois"
"Bloomingdale township, Illinois"
"Downers Grove township, Illinois"
"Lisle township, Illinois"
"Milton township, Illinois"
"Naperville township, Illinois"
"Aurora township, Illinois"
"Elgin township, Illinois"
"Capital township, Illinois"
"Rockford township, Illinois"
"Indiana, Indiana"
"Carmel, Indiana"
"Evansville, Indiana"
"Fishers, Indiana"
"Fort Wayne, Indiana"
"Indianapolis (balance), Indiana"
"South Bend, Indiana"
"Indianapolis, Indiana"
"North township, Indiana"
"Iowa, Iowa"
"Cedar Rapids, Iowa"
"Davenport, Iowa"
"Des Moines, Iowa"
"Kansas, Kansas"
"Olathe, Kansas"
"Overland Park, Kansas"
"Topeka, Kansas"
"Wichita, Kansas"
"Kentucky, Kentucky"
"Louisiana, Louisiana"
"Baton Rouge, Louisiana"
"Lafayette, Louisiana"
"New Orleans, Louisiana"
"Shreveport, Louisiana"
"Ascension Parish, Louisiana"
"Balance of Ascension Parish, Louisiana"
"Bossier Parish, Louisiana"
"Caddo Parish, Louisiana"
"Calcasieu Parish, Louisiana"
"East Baton Rouge Parish, Louisiana"
"Balance of East Baton Rouge Parish, Louisiana"
"Jefferson Parish, Louisiana"
"Balance of Jefferson Parish, Louisiana"
"Lafayette Parish, Louisiana"
"Livingston Parish, Louisiana"
"Balance of Livingston Parish, Louisiana"
"Orleans Parish, Louisiana"
"Ouachita Parish, Louisiana"
"Rapides Parish, Louisiana"
"St. Tammany Parish, Louisiana"
"Balance of St. Tammany Parish, Louisiana"
"Tangipahoa Parish, Louisiana"
"Terrebonne Parish, Louisiana"
"Maine, Maine"
"Maryland, Maryland"
"Baltimore, Maryland"
"Massachusetts, Massachusetts"
"Boston, Massachusetts"
"Brockton, Massachusetts"
"Cambridge, Massachusetts"
"Lowell, Massachusetts"
"Lynn, Massachusetts"
"New Bedford, Massachusetts"
"Quincy, Massachusetts"
"Worcester, Massachusetts"
"Michigan, Michigan"
"Ann Arbor, Michigan"
"Dearborn, Michigan"
"Detroit, Michigan"
"Grand Rapids, Michigan"
"Lansing, Michigan"
"Sterling Heights, Michigan"
"Warren, Michigan"
"Minnesota, Minnesota"
"Minneapolis, Minnesota"
"Rochester, Minnesota"
"St. Paul, Minnesota"
"Mississippi, Mississippi"
"Jackson, Mississippi"
"Missouri, Missouri"
"Columbia, Missouri"
"Independence, Missouri"
"Lee's Summit, Missouri"
"St. Louis, Missouri"
"Kansas, Missouri"
"Montana, Montana"
"Billings, Montana"
"Nebraska, Nebraska"
"Lincoln, Nebraska"
"Omaha, Nebraska"
"Nevada, Nevada"
"Henderson, Nevada"
"Las Vegas, Nevada"
"North Las Vegas, Nevada"
"Reno, Nevada"
"Sparks, Nevada"
"New Hampshire, New Hampshire"
"Manchester, New Hampshire"
"New Jersey, New Jersey"
"Elizabeth, New Jersey"
"Jersey, New Jersey"
"Newark, New Jersey"
"Paterson, New Jersey"
"New Mexico, New Mexico"
"Albuquerque, New Mexico"
"Las Cruces, New Mexico"
"Rio Rancho, New Mexico"
"New York, New York"
"Buffalo, New York"
"Syracuse, New York"
"Yonkers, New York"
"Balance of Amherst town, New York"
"Hempstead town, New York"
"Balance of Hempstead town, New York"
"North Hempstead town, New York"
"Balance of North Hempstead town, New York"
"Oyster Bay town, New York"
"Balance of Oyster Bay town, New York"
"Ramapo town, New York"
"Babylon town, New York"
"Balance of Babylon town, New York"
"Brookhaven town, New York"
"Balance of Brookhaven town, New York"
"Balance of Huntington town, New York"
"Islip town, New York"
"Balance of Islip town, New York"
"Smithtown town, New York"
"Balance of Smithtown town, New York"
"North Carolina, North Carolina"
"Charlotte, North Carolina"
"Durham, North Carolina"
"Fayetteville, North Carolina"
"Greensboro, North Carolina"
"High Point, North Carolina"
"Raleigh, North Carolina"
"Wilmington, North Carolina"
"Winston-Salem, North Carolina"
"Cary town, North Carolina"
"North Dakota, North Dakota"
"Fargo, North Dakota"
"Ohio, Ohio"
"Akron, Ohio"
"Cincinnati, Ohio"
"Cleveland, Ohio"
"Dayton, Ohio"
"Toledo, Ohio"
"Columbus, Ohio"
"Oklahoma, Oklahoma"
"Broken Arrow, Oklahoma"
"Norman, Oklahoma"
"Tulsa, Oklahoma"
"Oregon, Oregon"
"Bend, Oregon"
"Eugene, Oregon"
"Gresham, Oregon"
"Hillsboro, Oregon"
"Portland, Oregon"
"Salem, Oregon"
"Pennsylvania, Pennsylvania"
"Allentown, Pennsylvania"
"Philadelphia, Pennsylvania"
"Pittsburgh, Pennsylvania"
"Rhode Island, Rhode Island"
"Providence, Rhode Island"
"South Carolina, South Carolina"
"Charleston, South Carolina"
"North Charleston, South Carolina"
"Columbia, South Carolina"
"South Dakota, South Dakota"
"Sioux Falls, South Dakota"
"Tennessee, Tennessee"
"Chattanooga, Tennessee"
"Clarksville, Tennessee"
"Knoxville, Tennessee"
"Memphis, Tennessee"
"Murfreesboro, Tennessee"
"Nashville-Davidson metropolitan government (balance), Tennessee"
"Nashville-Davidson metropolitan government, Tennessee"
"Texas, Texas"
"Abilene, Texas"
"Allen, Texas"
"Amarillo, Texas"
"Arlington, Texas"
"Austin, Texas"
"Beaumont, Texas"
"Brownsville, Texas"
"Carrollton, Texas"
"College Station, Texas"
"Corpus Christi, Texas"
"Dallas, Texas"
"Denton, Texas"
"Edinburg, Texas"
"El Paso, Texas"
"Fort Worth, Texas"
"Frisco, Texas"
"Garland, Texas"
"Grand Prairie, Texas"
"Houston, Texas"
"Irving, Texas"
"Killeen, Texas"
"Laredo, Texas"
"League, Texas"
"Lewisville, Texas"
"Lubbock, Texas"
"McAllen, Texas"
"McKinney, Texas"
"Mesquite, Texas"
"Midland, Texas"
"Odessa, Texas"
"Pearland, Texas"
"Plano, Texas"
"Richardson, Texas"
"Round Rock, Texas"
"San Antonio, Texas"
"Sugar Land, Texas"
"Tyler, Texas"
"Waco, Texas"
"Wichita Falls, Texas"
"Utah, Utah"
"Provo, Utah"
"Salt Lake, Utah"
"West Jordan, Utah"
"West Valley, Utah"
"Vermont, Vermont"
"Virginia, Virginia"
"Alexandria, Virginia"
"Chesapeake, Virginia"
"Hampton, Virginia"
"Newport News, Virginia"
"Norfolk, Virginia"
"Virginia Beach, Virginia"
"Washington, Washington"
"Bellevue, Washington"
"Everett, Washington"
"Kent, Washington"
"Renton, Washington"
"Seattle, Washington"
"Spokane, Washington"
"Spokane Valley, Washington"
"Tacoma, Washington"
"Vancouver, Washington"
"West Virginia, West Virginia"
"Wisconsin, Wisconsin"
"Green Bay, Wisconsin"
"Madison, Wisconsin"
"Milwaukee, Wisconsin"
"Wyoming, Wyoming"
